﻿Designator,Footprint,Quantity,Value,LCSC Part #
"C1, C15, C16, C6, C7, C8",1206,6,10u,
C10,0603,1,150n,
C11,0603,1,1u,
C12,0603,1,2n2,
"C13, C4",0603,2,220n,
"C14, C2",0603,2,100n,
"C17, C19",1206,2,100n,
C3,0603,1,47n,
C5,0603,1,150p,
C9,1210,1,56u,
D1,DIODE_DO214AA_MBRS_VIS,1,4A 40V,
D2,DIODE_DO214AA_MBRS_VIS,1,4A 48V,
J1,BarrelJack_Horizontal,1,Power_in,
J2,SMA_Samtec_SMA-J-P-X-ST-EM1_EdgeMount,1,IN,
J3,SMA_Samtec_SMA-J-P-X-ST-EM1_EdgeMount,1,OUT,
L1,IND_XAL60XX-240H_COC,1,47u,
L2,IND_XAL60XX-240H_COC,1,100u,
R1,0603,1,232k,
R11,1210,1,3,
R12,1210,1,2,
"R2, R8",0603,2,10k,
R3,0603,1,3k7,
R4,0603,1,78k7,
R5,0603,1,300k,
R6,0603,1,8k2,
R7,0603,1,365k,
R9,0805,1,10k,
RV1,Potentiometer_Bourns_3296W_Vertical,1,R_Potentiometer_Trim,
U1,PWP14,1,TPS55340PWP,
U2,DGQ10_1P88X1P57,1,TPS54260DGQ,
U3,KC5,1,OPA544T,
